PMID,Title,Authors,Citation,First Author,Journal/Book,Publication Year,Create Date,PMCID,NIHMS ID,DOI
"32022198","Storage and disposal of pharmaceuticals at home: a systematic review","Constantino VM, Fregonesi BM, Tonani KAA, Zagui GS, Toninato APC, Nonose ERDS, Fabriz LA, Segura-Muñoz SI.","Cien Saude Colet. 2020 Feb;25(2):585-594. doi: 10.1590/1413-81232020252.10882018. Epub 2018 Jun 20.","Constantino VM","Cien Saude Colet","2020","2020/02/06","","","10.1590/1413-81232020252.10882018"
"34566452","A database and checklist of geometrid moths (Lepidoptera) from Colombia","Murillo-Ramos L, Sihvonen P, Brehm G, Ríos-Malaver IC, Wahlberg N.","Biodivers Data J. 2021 Sep 3;9:e68693. doi: 10.3897/BDJ.9.e68693. eCollection 2021.","Murillo-Ramos L","Biodivers Data J","2021","2021/09/27","PMC8433126","","10.3897/BDJ.9.e68693"
"32983559","Towards a unified Latin American Natural Products Database: LANaPD","L Medina-Franco J.","Future Sci OA. 2020 Jun 19;6(8):FSO468. doi: 10.2144/fsoa-2020-0068.","L Medina-Franco J","Future Sci OA","2020","2020/09/28","PMC7491008","","10.2144/fsoa-2020-0068"
"36446878","Incorporating social determinants of health into the mathematical modeling of HIV/AIDS","de Oliveira RB, Rubio FA, Anderle R, Sanchez M, de Souza LE, Macinko J, Dourado I, Rasella D.","Sci Rep. 2022 Nov 29;12(1):20541. doi: 10.1038/s41598-022-24459-0.","de Oliveira RB","Sci Rep","2022","2022/11/29","PMC9707122","","10.1038/s41598-022-24459-0"
"26192997","Identification of biomedical journals in Spain and Latin America","Bonfill X, Osorio D, Posso M, Solà I, Rada G, Torres A, García Dieguez M, Piña-Pozas M, Díaz-García L, Tristán M, Gandarilla O, Rincón-Valenzuela DA, Martí A, Hidalgo R, Simancas-Racines D, López L, Correa R, Rojas-De-Arias A, Loza C, Gianneo Ó, Pardo H; Iberoamerican Cochrane Network.","Health Info Libr J. 2015 Dec;32(4):276-86. doi: 10.1111/hir.12110. Epub 2015 Jul 20.","Bonfill X","Health Info Libr J","2015","2015/07/21","","","10.1111/hir.12110"
"34720783","TuLeD (Tupían lexical database): introducing a database of a South American language family","Gerardi FF, Reichert S, Aragon CC.","Lang Resour Eval. 2021;55(4):997-1015. doi: 10.1007/s10579-020-09521-5. Epub 2021 Jan 13.","Gerardi FF","Lang Resour Eval","2021","2021/11/01","PMC8550058","","10.1007/s10579-020-09521-5"
"33850985","Human papillomavirus type 13: Genome amplification and characterization data","Kantún-Moreno N, Ek-Hernández GE, Canché-Pech JR, Gómez-Carballo JG, González-Losa MDR, Conde-Ferráez L.","Data Brief. 2021 Mar 15;35:106955. doi: 10.1016/j.dib.2021.106955. eCollection 2021 Apr.","Kantún-Moreno N","Data Brief","2021","2021/04/14","PMC8039825","","10.1016/j.dib.2021.106955"
"33513145","Overview of snakebite in Brazil: Possible drivers and a tool for risk mapping","Schneider MC, Min KD, Hamrick PN, Montebello LR, Ranieri TM, Mardini L, Camara VM, Raggio Luiz R, Liese B, Vuckovic M, Moraes MO, Lima NT.","PLoS Negl Trop Dis. 2021 Jan 29;15(1):e0009044. doi: 10.1371/journal.pntd.0009044. eCollection 2021 Jan.","Schneider MC","PLoS Negl Trop Dis","2021","2021/01/29","PMC7875335","","10.1371/journal.pntd.0009044"
"33157300","SARS-CoV-2 spread across the Colombian-Venezuelan border","Paniz-Mondolfi A, Muñoz M, Florez C, Gomez S, Rico A, Pardo L, Barros EC, Hernández C, Delgado L, Jaimes JE, Pérez L, Teherán AA, Alshammary HA, Obla A, Khan Z, Dutta J, van de Guchte A, Gonzalez-Reiche AS, Hernandez MM, Sordillo EM, Simon V, van Bakel H, Llewellyn MS, Ramírez JD.","Infect Genet Evol. 2020 Dec;86:104616. doi: 10.1016/j.meegid.2020.104616. Epub 2020 Nov 4.","Paniz-Mondolfi A","Infect Genet Evol","2020","2020/11/06","PMC7609240","","10.1016/j.meegid.2020.104616"
"33612735","Global genetic diversity of Spirometra tapeworms","Hong X, Liu SN, Xu FF, Han LL, Jiang P, Wang ZQ, Cui J, Zhang X.","Trop Biomed. 2020 Mar 1;37(1):237-250.","Hong X","Trop Biomed","2020","2021/02/22","","",""
"31980017","Towards a synthesis of the Caribbean biogeography of terrestrial arthropods","Crews SC, Esposito LA.","BMC Evol Biol. 2020 Jan 24;20(1):12. doi: 10.1186/s12862-019-1576-z.","Crews SC","BMC Evol Biol","2020","2020/01/26","PMC6979080","","10.1186/s12862-019-1576-z"
"32776929","Modelling geospatial distributions of the triatomine vectors of Trypanosoma cruzi in Latin America","Bender A, Python A, Lindsay SW, Golding N, Moyes CL.","PLoS Negl Trop Dis. 2020 Aug 10;14(8):e0008411. doi: 10.1371/journal.pntd.0008411. eCollection 2020 Aug.","Bender A","PLoS Negl Trop Dis","2020","2020/08/11","PMC7440660","","10.1371/journal.pntd.0008411"
"25113113","Overview of the world's medical schools: an update","Duvivier RJ, Boulet JR, Opalek A, van Zanten M, Norcini J.","Med Educ. 2014 Sep;48(9):860-9. doi: 10.1111/medu.12499.","Duvivier RJ","Med Educ","2014","2014/08/13","","","10.1111/medu.12499"
"35793333","Biases and limitations of Global Forest Change and author-generated land cover maps in detecting deforestation in the Amazon","Kinnebrew E, Ochoa-Brito JI, French M, Mills-Novoa M, Shoffner E, Siegel K.","PLoS One. 2022 Jul 6;17(7):e0268970. doi: 10.1371/journal.pone.0268970. eCollection 2022.","Kinnebrew E","PLoS One","2022","2022/07/06","PMC9258877","","10.1371/journal.pone.0268970"
"35115935","Data Sources for Drug Utilization Research in Brazil-DUR-BRA Study","Leal LF, Osorio-de-Castro CGS, de Souza LJC, Ferre F, Mota DM, Ito M, Elseviers M, Lima EDC, Zimmernan IR, Fulone I, Carvalho-Soares MDL, Lopes LC.","Front Pharmacol. 2022 Jan 14;12:789872. doi: 10.3389/fphar.2021.789872. eCollection 2021.","Leal LF","Front Pharmacol","2022","2022/02/04","PMC8805708","","10.3389/fphar.2021.789872"
"28137207","Patent Survey of Resveratrol, Taxol, Podophyllotoxin, Withanolides and Their Derivatives Used in Anticancer Therapy","Routh S, Nandagopal K.","Recent Pat Biotechnol. 2017;11(2):85-100. doi: 10.2174/1872208311666170127114804.","Routh S","Recent Pat Biotechnol","2017","2017/02/01","","","10.2174/1872208311666170127114804"
"36570401","Does Pink October really impact breast cancer screening?","Antonini M, Pinheiro DJPDC, Salerno GRF, Matos ABTMB, Ferraro O, Mattar A, Lopes RGC, Real JM.","Public Health Pract (Oxf). 2022 Sep 9;4:100316. doi: 10.1016/j.puhip.2022.100316. eCollection 2022 Dec.","Antonini M","Public Health Pract (Oxf)","2022","2022/12/26","PMC9773042","","10.1016/j.puhip.2022.100316"
"36002166","Regional implications of the tobacco value chain in Paraguay","Masi F, Rodriguez-Iglesias G, Drope J.","Tob Control. 2022 Aug 24:tobaccocontrol-2021-056891. doi: 10.1136/tc-2021-056891. Online ahead of print.","Masi F","Tob Control","2022","2022/08/24","","","10.1136/tc-2021-056891"
"31596375","Laboratory exams of the National Health Survey: methodology of sampling, data collection and analysis","Szwarcwald CL, Malta DC, Souza Júnior PRB, Almeida WDS, Damacena GN, Pereira CA, Rosenfeld LG.","Rev Bras Epidemiol. 2019 Oct 7;22Suppl 02(Suppl 02):E190004.SUPL.2. doi: 10.1590/1980-549720190004.supl.2. eCollection 2019.","Szwarcwald CL","Rev Bras Epidemiol","2019","2019/10/10","","","10.1590/1980-549720190004.supl.2"
"25897073","Monitoring the quality of medicines: results from Africa, Asia, and South America","Hajjou M, Krech L, Lane-Barlow C, Roth L, Pribluda VS, Phanouvong S, El-Hadri L, Evans L, Raymond C, Yuan E, Siv L, Vuong TA, Boateng KP, Okafor R, Chibwe KM, Lukulay PH.","Am J Trop Med Hyg. 2015 Jun;92(6 Suppl):68-74. doi: 10.4269/ajtmh.14-0535. Epub 2015 Apr 20.","Hajjou M","Am J Trop Med Hyg","2015","2015/04/22","PMC4455073","","10.4269/ajtmh.14-0535"
"33294535","LEM+ dataset: For agricultural remote sensing applications","Oldoni LV, Sanches ID, Picoli MCA, Covre RM, Fronza JG.","Data Brief. 2020 Nov 21;33:106553. doi: 10.1016/j.dib.2020.106553. eCollection 2020 Dec.","Oldoni LV","Data Brief","2020","2020/12/09","PMC7701344","","10.1016/j.dib.2020.106553"
"32577442","Child maltreatment data in the state of New Mexico across space and time","Barboza G, Appel JG.","Data Brief. 2020 May 23;31:105759. doi: 10.1016/j.dib.2020.105759. eCollection 2020 Aug.","Barboza G","Data Brief","2020","2020/06/25","PMC7300143","","10.1016/j.dib.2020.105759"
"28662764","PulseNet International: Vision for the implementation of whole genome sequencing (WGS) for global food-borne disease surveillance","Nadon C, Van Walle I, Gerner-Smidt P, Campos J, Chinen I, Concepcion-Acevedo J, Gilpin B, Smith AM, Man Kam K, Perez E, Trees E, Kubota K, Takkinen J, Nielsen EM, Carleton H; FWD-NEXT Expert Panel.","Euro Surveill. 2017 Jun 8;22(23):30544. doi: 10.2807/1560-7917.ES.2017.22.23.30544.","Nadon C","Euro Surveill","2017","2017/07/01","PMC5479977","","10.2807/1560-7917.ES.2017.22.23.30544"
"35694052","An Exploratory Analysis of the Internal Structure of Test Through a Multimethods Exploratory Approach of the ASQ:SE in Brazil","Anunciação L, Squires J, Landeira-Fernandez J, Singh A.","J Neurosci Rural Pract. 2022 Feb 11;13(2):186-195. doi: 10.1055/s-0041-1741503. eCollection 2022 Apr.","Anunciação L","J Neurosci Rural Pract","2022","2022/06/13","PMC9187369","","10.1055/s-0041-1741503"
"36859351","Characteristics of undergraduate and second speciality mental health programmes in Peru: a cross-sectional study","García-Serna J, Almeida-Huanca G, Huarcaya-Victoria J, Vilela-Estrada AL, Zafra-Tanaka JH, Villarreal-Zegarra D.","Hum Resour Health. 2023 Mar 1;21(1):16. doi: 10.1186/s12960-023-00805-9.","García-Serna J","Hum Resour Health","2023","2023/03/01","PMC9979569","","10.1186/s12960-023-00805-9"
"27888987","Free asthma medications reduces hospital admissions in Brazil (Free asthma drugs reduces hospitalizations in Brazil)","Comaru T, Pitrez PM, Friedrich FO, Silveira VD, Pinto LA.","Respir Med. 2016 Dec;121:21-25. doi: 10.1016/j.rmed.2016.10.008. Epub 2016 Oct 21.","Comaru T","Respir Med","2016","2016/11/28","","","10.1016/j.rmed.2016.10.008"
"35564992","Unsupervised Learning Applied to the Stratification of Preterm Birth Risk in Brazil with Socioeconomic Data","Lopes MLB Jr, Barbosa RM, Fernandes MAC.","Int J Environ Res Public Health. 2022 May 5;19(9):5596. doi: 10.3390/ijerph19095596.","Lopes MLB Jr","Int J Environ Res Public Health","2022","2022/05/14","PMC9102534","","10.3390/ijerph19095596"
"31763407","Site-specific data on herbicide soil retention and ancillary environmental variables","Giannini Kurina F, Balzarini M, Rampoldi EA, Hang S.","Data Brief. 2019 Nov 2;27:104754. doi: 10.1016/j.dib.2019.104754. eCollection 2019 Dec.","Giannini Kurina F","Data Brief","2019","2019/11/26","PMC6859227","","10.1016/j.dib.2019.104754"
"34181007","Extending the Analysis of Functional Ability Trajectories to Unexplored National Contexts: The Case of Chile","Madero-Cabib I, Villalobos Dintrans P, Browne Salas J.","J Gerontol B Psychol Sci Soc Sci. 2022 Jul 5;77(7):1280-1293. doi: 10.1093/geronb/gbab116.","Madero-Cabib I","J Gerontol B Psychol Sci Soc Sci","2022","2021/06/28","","","10.1093/geronb/gbab116"
"33886871","Evaluation of cytochrome b sequence to identify Leishmania species and variants: the case of Panama","Davila M, Pineda V, Calzada JE, Saldaña A, Samudio F.","Mem Inst Oswaldo Cruz. 2021 Apr 19;116:e200572. doi: 10.1590/0074-02760200572. eCollection 2021.","Davila M","Mem Inst Oswaldo Cruz","2021","2021/04/22","PMC8061342","","10.1590/0074-02760200572"
"31592221","Aquatic eDNA for monitoring French Guiana biodiversity","Murienne J, Cantera I, Cerdan A, Cilleros K, Decotte JB, Dejean T, Vigouroux R, Brosse S.","Biodivers Data J. 2019 Sep 11;7:e37518. doi: 10.3897/BDJ.7.e37518. eCollection 2019.","Murienne J","Biodivers Data J","2019","2019/10/09","PMC6751219","","10.3897/BDJ.7.e37518"
"36248019","Medical decision support system using weakly-labeled lung CT scans","Murillo-González A, González D, Jaramillo L, Galeano C, Tavera F, Mejía M, Hernández A, Rivera DR, Paniagua JG, Ariza-Jiménez L, Garcés Echeverri JJ, Diaz León CA, Serna-Higuita DL, Barrios W, Arrázola W, Mejía MÁ, Arango S, Marín Ramírez D, Salinas-Miranda E, Quintero OL.","Front Med Technol. 2022 Sep 28;4:980735. doi: 10.3389/fmedt.2022.980735. eCollection 2022.","Murillo-González A","Front Med Technol","2022","2022/10/17","PMC9554434","","10.3389/fmedt.2022.980735"
"35239108","A real use case of semi-supervised learning for mammogram classification in a local clinic of Costa Rica","Calderon-Ramirez S, Murillo-Hernandez D, Rojas-Salazar K, Elizondo D, Yang S, Moemeni A, Molina-Cabello M.","Med Biol Eng Comput. 2022 Apr;60(4):1159-1175. doi: 10.1007/s11517-021-02497-6. Epub 2022 Mar 3.","Calderon-Ramirez S","Med Biol Eng Comput","2022","2022/03/03","PMC8892413","","10.1007/s11517-021-02497-6"
"35762759","Phylodynamics of HIV in the Mexico City Metropolitan Region","Avila-Rios S, García-Morales C, Reyes-Terán G, González-Rodríguez A, Matías-Florentino M, Mehta SR, Chaillon A.","J Virol. 2022 Jul 27;96(14):e0070822. doi: 10.1128/jvi.00708-22. Epub 2022 Jun 28.","Avila-Rios S","J Virol","2022","2022/06/28","PMC9327710","","10.1128/jvi.00708-22"
"33049069","Analysis of SARS-CoV-2 mutations in Mexico, Belize, and isolated regions of Guatemala and its implication in the diagnosis","Hernández-Huerta MT, Pérez-Campos Mayoral L, Romero Díaz C, Martínez Cruz M, Mayoral-Andrade G, Sánchez Navarro LM, Pina-Canseco MDS, Cruz Parada E, Martínez Cruz R, Pérez-Campos Mayoral E, Pérez Santiago AD, Vásquez Martínez G, Pérez-Campos E, Matias-Cervantes CA.","J Med Virol. 2021 Apr;93(4):2099-2114. doi: 10.1002/jmv.26591. Epub 2020 Nov 1.","Hernández-Huerta MT","J Med Virol","2021","2020/10/13","PMC7675408","","10.1002/jmv.26591"
"34378141","Global Pharmacopoeia Genome Database is an integrated and mineable genomic database for traditional medicines derived from eight international pharmacopoeias","Liao B, Hu H, Xiao S, Zhou G, Sun W, Chu Y, Meng X, Wei J, Zhang H, Xu J, Chen S.","Sci China Life Sci. 2022 Apr;65(4):809-817. doi: 10.1007/s11427-021-1968-7. Epub 2021 Aug 6.","Liao B","Sci China Life Sci","2022","2021/08/11","PMC8354779","","10.1007/s11427-021-1968-7"
"35205412","Exome Evaluation of Autism-Associated Genes in Amazon American Populations","da Costa GE, Fernandes GL, Rodrigues JCG, da V B Leal DF, Pastana LF, Pereira EEB, Assumpção PP, Burbano RMR, Dos Santos SEB, Guerreiro JF, Fernandes MR, Dos Santos NPC.","Genes (Basel). 2022 Feb 18;13(2):368. doi: 10.3390/genes13020368.","da Costa GE","Genes (Basel)","2022","2022/02/25","PMC8871861","","10.3390/genes13020368"
"34543294","Identification of high-risk COVID-19 patients using machine learning","Quiroz-Juárez MA, Torres-Gómez A, Hoyo-Ulloa I, León-Montiel RJ, U'Ren AB.","PLoS One. 2021 Sep 20;16(9):e0257234. doi: 10.1371/journal.pone.0257234. eCollection 2021.","Quiroz-Juárez MA","PLoS One","2021","2021/09/20","PMC8452016","","10.1371/journal.pone.0257234"
"33857500","Effect of socioeconomic inequalities and vulnerabilities on health-system preparedness and response to COVID-19 in Brazil: a comprehensive analysis","Rocha R, Atun R, Massuda A, Rache B, Spinola P, Nunes L, Lago M, Castro MC.","Lancet Glob Health. 2021 Jun;9(6):e782-e792. doi: 10.1016/S2214-109X(21)00081-4. Epub 2021 Apr 12.","Rocha R","Lancet Glob Health","2021","2021/04/15","PMC8041360","","10.1016/S2214-109X(21)00081-4"
"34353338","Establishing a genomic database for the medicinal plants in the Brazilian Pharmacopoeia","Zhou GR, Liao BS, Li QS, Xu J, Chen SL.","Chin Med. 2021 Aug 5;16(1):71. doi: 10.1186/s13020-021-00484-5.","Zhou GR","Chin Med","2021","2021/08/06","PMC8340495","","10.1186/s13020-021-00484-5"
"33347721","Biodiversity food dataset: Centralizing chemical composition data to allow the promotion of nutrient-rich foods in Brazil","Grande F, Giuntini EB, Coelho KS, Purgatto E, Franco BDGM, Lajolo FM, Menezes EW.","Matern Child Nutr. 2020 Dec;16 Suppl 3(Suppl 3):e13005. doi: 10.1111/mcn.13005.","Grande F","Matern Child Nutr","2020","2020/12/21","PMC7752125","","10.1111/mcn.13005"
"35068977","Contribution to a reference library of DNA barcodes of Colombian freshwater fishes","Mejía-Estrada M, Jiménez-Segura LF, Hernández-Zapata M, Soto Calderón ID.","Biodivers Data J. 2022 Jan 6;10:e65981. doi: 10.3897/BDJ.10.e65981. eCollection 2022.","Mejía-Estrada M","Biodivers Data J","2022","2022/01/24","PMC8758633","","10.3897/BDJ.10.e65981"
"32832674","Content-based features predict social media influence operations","Alizadeh M, Shapiro JN, Buntain C, Tucker JA.","Sci Adv. 2020 Jul 22;6(30):eabb5824. doi: 10.1126/sciadv.abb5824. eCollection 2020 Jul.","Alizadeh M","Sci Adv","2020","2020/08/25","PMC7439640","","10.1126/sciadv.abb5824"
"30358842","VianniaTopes: a database of predicted immunogenic peptides for Leishmania (Viannia) species","Llanes A, Restrepo CM, Lleonart R.","Database (Oxford). 2018 Jan 1;2018:bay111. doi: 10.1093/database/bay111.","Llanes A","Database (Oxford)","2018","2018/10/26","PMC6201054","","10.1093/database/bay111"
"36170264","How much does it cost to implement the Baby-Friendly Hospital Initiative training step in the United States and Mexico?","Arslanian KJ, Vilar-Compte M, Teruel G, Lozano-Marrufo A, Rhodes EC, Hromi-Fiedler A, García E, Pérez-Escamilla R.","PLoS One. 2022 Sep 28;17(9):e0273179. doi: 10.1371/journal.pone.0273179. eCollection 2022.","Arslanian KJ","PLoS One","2022","2022/09/28","PMC9518892","","10.1371/journal.pone.0273179"
"35802748","An ecological niche model to predict the geographic distribution of Haemagogus janthinomys, Dyar, 1921 a yellow fever and Mayaro virus vector, in South America","Celone M, Pecor DB, Potter A, Richardson A, Dunford J, Pollett S.","PLoS Negl Trop Dis. 2022 Jul 8;16(7):e0010564. doi: 10.1371/journal.pntd.0010564. eCollection 2022 Jul.","Celone M","PLoS Negl Trop Dis","2022","2022/07/08","PMC9299311","","10.1371/journal.pntd.0010564"
"36079845","Using Household Expenditure Surveys for Comparable and Replicable Nutritional Analysis: Evidence from México","Hernández-Solano A, Pérez-Hernández V, Burrola-Méndez S, Aguirre A, Gallegos J, Teruel G.","Nutrients. 2022 Aug 31;14(17):3588. doi: 10.3390/nu14173588.","Hernández-Solano A","Nutrients","2022","2022/09/09","PMC9460767","","10.3390/nu14173588"
"35927739","Determining the spatial distribution of environmental and socio-economic suitability for human leptospirosis in the face of limited epidemiological data","Cristaldi MA, Catry T, Pottier A, Herbreteau V, Roux E, Jacob P, Previtali MA.","Infect Dis Poverty. 2022 Aug 4;11(1):86. doi: 10.1186/s40249-022-01010-x.","Cristaldi MA","Infect Dis Poverty","2022","2022/08/04","PMC9351081","","10.1186/s40249-022-01010-x"
"34037097","MET overexpression and intratumor heterogeneity in esophageal squamous cell carcinoma","Abboud HS, Camuzi D, Rapozo DC, Fernandes PV, Nicolau-Neto P, Guaraldi S, Simão TA, Ribeiro Pinto LF, Gonzaga IM, Soares-Lima SC.","Braz J Med Biol Res. 2021 May 24;54(8):e10877. doi: 10.1590/1414-431X2020e10877. eCollection 2021.","Abboud HS","Braz J Med Biol Res","2021","2021/05/26","PMC8148886","","10.1590/1414-431X2020e10877"
"29674937","Herbarium collection of the Rio de Janeiro Botanical Garden (RB), Brazil","Lanna JM, da Silva LAE, Morim MP, Leitman PM, Queiroz NO, Filardi FLR, Dalcin EC, Oliveira FA, Forzza RC.","Biodivers Data J. 2018 Mar 12;(6):e22757. doi: 10.3897/BDJ.6.e22757. eCollection 2018.","Lanna JM","Biodivers Data J","2018","2018/04/21","PMC5904554","","10.3897/BDJ.6.e22757"
"32656429","In Silico ADME/Tox Profiling of Natural Products: A Focus on BIOFACQUIM","Durán-Iturbide NA, Díaz-Eufracio BI, Medina-Franco JL.","ACS Omega. 2020 Jun 25;5(26):16076-16084. doi: 10.1021/acsomega.0c01581. eCollection 2020 Jul 7.","Durán-Iturbide NA","ACS Omega","2020","2020/07/14","PMC7346235","","10.1021/acsomega.0c01581"
"28659474","Phylogeography of Coxsackievirus A16 Reveals Global Transmission Pathways and Recent Emergence and Spread of a Recombinant Genogroup","Hassel C, Mirand A, Farkas A, Diedrich S, Huemer HP, Peigue-Lafeuille H, Archimbaud C, Henquell C, Bailly JL; HFMD French Study Network.","J Virol. 2017 Aug 24;91(18):e00630-17. doi: 10.1128/JVI.00630-17. Print 2017 Sep 15.","Hassel C","J Virol","2017","2017/06/30","PMC5571250","","10.1128/JVI.00630-17"
"26708057","Phylogenomic reconstruction supports supercontinent origins for Leishmania","Harkins KM, Schwartz RS, Cartwright RA, Stone AC.","Infect Genet Evol. 2016 Mar;38:101-109. doi: 10.1016/j.meegid.2015.11.030. Epub 2015 Dec 18.","Harkins KM","Infect Genet Evol","2016","2015/12/29","","","10.1016/j.meegid.2015.11.030"
"30456250","Clinical data and risk factors for diabetic nephropathy in Brazilian central population","da Silva EG, Borges Dos Anjos LR, Mendes de Lima R, Alves TB, Pedrino GR, Helena da Silva Cruz A, da Silva Santos R, Freiria-Oliveira AH, da Silva Reis AA.","Data Brief. 2018 Oct 27;21:1315-1320. doi: 10.1016/j.dib.2018.10.115. eCollection 2018 Dec.","da Silva EG","Data Brief","2018","2018/11/21","PMC6231041","","10.1016/j.dib.2018.10.115"
"27060756","Phylogenetic analysis of canine distemper virus in South America clade 1 reveals unique molecular signatures of the local epidemic","Fischer CDB, Gräf T, Ikuta N, Lehmann FKM, Passos DT, Makiejczuk A, Silveira MAT Jr, Fonseca ASK, Canal CW, Lunge VR.","Infect Genet Evol. 2016 Jul;41:135-141. doi: 10.1016/j.meegid.2016.03.029. Epub 2016 Apr 6.","Fischer CDB","Infect Genet Evol","2016","2016/04/10","","","10.1016/j.meegid.2016.03.029"
"33102686","Ensemble learning model for diagnosing COVID-19 from routine blood tests","AlJame M, Ahmad I, Imtiaz A, Mohammed A.","Inform Med Unlocked. 2020;21:100449. doi: 10.1016/j.imu.2020.100449. Epub 2020 Oct 20.","AlJame M","Inform Med Unlocked","2020","2020/10/26","PMC7572278","","10.1016/j.imu.2020.100449"
"35447850","Influence of Sociodemographic, Health-Related, and Behavioral Factors on Food Guidelines Compliance in Older Adults: A Hierarchical Approach from the Chilean National Health Survey 2016-17 Data","de Albuquerque-Araújo L, Quintiliano-Scarpelli D, Masferrer Riquelme D, Ferreira Santos JL.","Geriatrics (Basel). 2022 Apr 8;7(2):47. doi: 10.3390/geriatrics7020047.","de Albuquerque-Araújo L","Geriatrics (Basel)","2022","2022/04/21","PMC9030007","","10.3390/geriatrics7020047"
"33374816","New Insights on the Zika Virus Arrival in the Americas and Spatiotemporal Reconstruction of the Epidemic Dynamics in Brazil","Costa LC, Veiga RV, Oliveira JF, Rodrigues MS, Andrade RFS, Paixão ES, Teixeira MG, Costa MDCN, Cardim LL, Carmo EH, Oliveira WK, Gonçalves JÍK, Fernandes QHRF, Barreto ML, Queiroz ATL, Gräf T.","Viruses. 2020 Dec 23;13(1):12. doi: 10.3390/v13010012.","Costa LC","Viruses","2020","2020/12/30","PMC7824532","","10.3390/v13010012"
"33469979","Coronary artery bypass graft surgery in Brazil from 2008 to 2017","Hussein Khalil K, B O Sá MP, Vervoort D, Roever L, de Andrade Pires MA, de Oliveira Lima JM, de Salles FB, Munhoz Khalil G, Gomes Nicz PF, Vilca Mejía OA, Akio Okino A, de Carvalho Lima R.","J Card Surg. 2021 Mar;36(3):913-920. doi: 10.1111/jocs.15328. Epub 2021 Jan 19.","Hussein Khalil K","J Card Surg","2021","2021/01/20","","","10.1111/jocs.15328"
"29293556","ORBDA: An openEHR benchmark dataset for performance assessment of electronic health record servers","Teodoro D, Sundvall E, João Junior M, Ruch P, Miranda Freire S.","PLoS One. 2018 Jan 2;13(1):e0190028. doi: 10.1371/journal.pone.0190028. eCollection 2018.","Teodoro D","PLoS One","2018","2018/01/03","PMC5749730","","10.1371/journal.pone.0190028"
"32083158","A data set for electric power consumption forecasting based on socio-demographic features: Data from an area of southern Colombia","Parraga-Alava J, Moncayo-Nacaza JD, Revelo-Fuelagán J, Rosero-Montalvo PD, Anaya-Isaza A, Peluffo-Ordóñez DH.","Data Brief. 2020 Feb 6;29:105246. doi: 10.1016/j.dib.2020.105246. eCollection 2020 Apr.","Parraga-Alava J","Data Brief","2020","2020/02/22","PMC7021543","","10.1016/j.dib.2020.105246"
"36811007","Geometric variation of the human tibia-fibula: a public dataset of tibia-fibula surface meshes and statistical shape model","Keast M, Bonacci J, Fox A.","PeerJ. 2023 Feb 16;11:e14708. doi: 10.7717/peerj.14708. eCollection 2023.","Keast M","PeerJ","2023","2023/02/22","PMC9939022","","10.7717/peerj.14708"
"35478717","Genome-wide diversity of Zika virus: Exploring spatio-temporal dynamics to guide a new nomenclature proposal","Seabra SG, Libin PJK, Theys K, Zhukova A, Potter BI, Nebenzahl-Guimaraes H, Gorbalenya AE, Sidorov IA, Pimentel V, Pingarilho M, de Vasconcelos ATR, Dellicour S, Khouri R, Gascuel O, Vandamme AM, Baele G, Cuypers L, Abecasis AB.","Virus Evol. 2022 Mar 29;8(1):veac029. doi: 10.1093/ve/veac029. eCollection 2022.","Seabra SG","Virus Evol","2022","2022/04/28","PMC9035895","","10.1093/ve/veac029"
"24975986","Next-generation transcriptome characterization in three Nacella species (Patellogastropoda: Nacellidae) from South America and Antarctica","Fuenzalida G, Poulin E, Gonzalez-Wevar C, Molina C, Cardenas L.","Mar Genomics. 2014 Dec;18 Pt B:89-91. doi: 10.1016/j.margen.2014.06.004. Epub 2014 Jun 27.","Fuenzalida G","Mar Genomics","2014","2014/07/01","","","10.1016/j.margen.2014.06.004"
"26935008","Inverse association between altitude and obesity: A prevalence study among andean and low-altitude adult individuals of Peru","Woolcott OO, Gutierrez C, Castillo OA, Elashoff RM, Stefanovski D, Bergman RN.","Obesity (Silver Spring). 2016 Apr;24(4):929-37. doi: 10.1002/oby.21401. Epub 2016 Mar 3.","Woolcott OO","Obesity (Silver Spring)","2016","2016/03/04","PMC4814295","NIHMS738544","10.1002/oby.21401"
"37211215","Availability of information needed to evaluate algorithmic fairness - A systematic review of publicly accessible critical care databases","Fong N, Langnas E, Law T, Reddy M, Lipnick M, Pirracchio R.","Anaesth Crit Care Pain Med. 2023 May 20;42(5):101248. doi: 10.1016/j.accpm.2023.101248. Online ahead of print.","Fong N","Anaesth Crit Care Pain Med","2023","2023/05/21","","","10.1016/j.accpm.2023.101248"
"35877232","Molecular Differences between Squamous Cell Carcinoma and Adenocarcinoma Cervical Cancer Subtypes: Potential Prognostic Biomarkers","Campos-Parra AD, Pérez-Quintanilla M, Martínez-Gutierrez AD, Pérez-Montiel D, Coronel-Martínez J, Millan-Catalan O, De León DC, Pérez-Plasencia C.","Curr Oncol. 2022 Jul 5;29(7):4689-4702. doi: 10.3390/curroncol29070372.","Campos-Parra AD","Curr Oncol","2022","2022/07/25","PMC9322365","","10.3390/curroncol29070372"
"15643172","Cell lines used in prostate cancer research: a compendium of old and new lines--part 1","Sobel RE, Sadar MD.","J Urol. 2005 Feb;173(2):342-59. doi: 10.1097/01.ju.0000141580.30910.57.","Sobel RE","J Urol","2005","2005/01/12","","","10.1097/01.ju.0000141580.30910.57"
"28775335","NuBBE(DB): an updated database to uncover chemical and biological information from Brazilian biodiversity","Pilon AC, Valli M, Dametto AC, Pinto MEF, Freire RT, Castro-Gamboa I, Andricopulo AD, Bolzani VS.","Sci Rep. 2017 Aug 3;7(1):7215. doi: 10.1038/s41598-017-07451-x.","Pilon AC","Sci Rep","2017","2017/08/05","PMC5543130","","10.1038/s41598-017-07451-x"
"34207433","Comprehensive Evolutionary Analysis of Complete Epstein-Barr Virus Genomes from Argentina and Other Geographies","Blazquez AC, Berenstein AJ, Torres C, Izquierdo A, Lezama C, Moscatelli G, De Matteo EN, Lorenzetti MA, Preciado MV.","Viruses. 2021 Jun 18;13(6):1172. doi: 10.3390/v13061172.","Blazquez AC","Viruses","2021","2021/07/02","PMC8235469","","10.3390/v13061172"
"15643173","Cell lines used in prostate cancer research: a compendium of old and new lines--part 2","Sobel RE, Sadar MD.","J Urol. 2005 Feb;173(2):360-72. doi: 10.1097/01.ju.0000149989.01263.dc.","Sobel RE","J Urol","2005","2005/01/12","","","10.1097/01.ju.0000149989.01263.dc"
"27008646","Surgical Non-governmental Organizations: Global Surgery's Unknown Nonprofit Sector","Ng-Kamstra JS, Riesel JN, Arya S, Weston B, Kreutzer T, Meara JG, Shrime MG.","World J Surg. 2016 Aug;40(8):1823-41. doi: 10.1007/s00268-016-3486-1.","Ng-Kamstra JS","World J Surg","2016","2016/03/24","","","10.1007/s00268-016-3486-1"
"30790058","The International Society of Urological Pathology Education web-a web-based system for training and testing of pathologists","Egevad L, Delahunt B, Samaratunga H, Leite KR, Efremov G, Furusato B, Han M, Jufe L, Tsuzuki T, Wang Z, Hörnblad J, Clements M.","Virchows Arch. 2019 May;474(5):577-584. doi: 10.1007/s00428-019-02540-w. Epub 2019 Feb 21.","Egevad L","Virchows Arch","2019","2019/02/22","PMC6505621","","10.1007/s00428-019-02540-w"
"37273013","Regional and national burden of prostate cancer: incidence, mortality, years of life lost, and disability-adjusted life years, in Mexico and Latin America from 1990 to 2019","Guzman-Esquivel J, Murillo-Zamora E, Ortiz-Mesina M, Galvan-Salazar HR, De-Leon-Zaragoza L, Casarez-Price JC, Delgado-Enciso J, Delgado-Enciso I.","Int Urol Nephrol. 2023 Jun 3:1-6. doi: 10.1007/s11255-023-03653-7. Online ahead of print.","Guzman-Esquivel J","Int Urol Nephrol","2023","2023/06/05","PMC10240458","","10.1007/s11255-023-03653-7"
"36437857","Effects of hydrometeorological and other factors on SARS-CoV-2 reproduction number in three contiguous countries of tropical Andean South America: a spatiotemporally disaggregated time series analysis","Colston JM, Hinson P, Nguyen NH, Chen YT, Badr HS, Kerr GH, Gardner LM, Martin DN, Quispe AM, Schiaffino F, Kosek MN, Zaitchik BF.","IJID Reg. 2023 Mar;6:29-41. doi: 10.1016/j.ijregi.2022.11.007. Epub 2022 Nov 20.","Colston JM","IJID Reg","2023","2022/11/28","PMC9675637","","10.1016/j.ijregi.2022.11.007"
"36208687","Suicide rates in Ecuador: A nationwide study from 2011 until 2020","Lapo-Talledo GJ, Talledo-Delgado JA, Portalanza D, Rodrigues ALS, Siteneski A.","J Affect Disord. 2023 Jan 1;320:638-646. doi: 10.1016/j.jad.2022.09.167. Epub 2022 Oct 5.","Lapo-Talledo GJ","J Affect Disord","2023","2022/10/08","","","10.1016/j.jad.2022.09.167"
"37240699","Predictors of ICU Admission in Children with COVID-19: Analysis of a Large Mexican Population Dataset","Cárdenas-Rojas MI, Guzmán-Esquivel J, Murillo-Zamora E.","J Clin Med. 2023 May 22;12(10):3593. doi: 10.3390/jcm12103593.","Cárdenas-Rojas MI","J Clin Med","2023","2023/05/27","PMC10219076","","10.3390/jcm12103593"
"33313489","Multi-omic Analyses of Plasma Cytokines, Lipidomics, and Transcriptomics Distinguish Treatment Outcomes in Cutaneous Leishmaniasis","Malta-Santos H, Fukutani KF, Sorgi CA, Queiroz ATL, Nardini V, Silva J, Lago A, Carvalho LP, Machado PLR, Bozza PT, França-Costa J, Faccioli LH, Carvalho EM, Andrade BB, Borges VM.","iScience. 2020 Nov 23;23(12):101840. doi: 10.1016/j.isci.2020.101840. eCollection 2020 Dec 18.","Malta-Santos H","iScience","2020","2020/12/14","PMC7721649","","10.1016/j.isci.2020.101840"
"33096300","Genomic characterization of human papillomavirus type 13, associated to multifocal epithelial hyperplasia, in a Mayan community","Conde-Ferráez L, Ek-Hernández GE, Canché-Pech JR, Gómez-Carballo JG, Kantún-Moreno NE, González-Losa MDR.","Infect Genet Evol. 2021 Jul;91:104595. doi: 10.1016/j.meegid.2020.104595. Epub 2020 Oct 20.","Conde-Ferráez L","Infect Genet Evol","2021","2020/10/23","","","10.1016/j.meegid.2020.104595"
"33499154","Identification of Variants (rs11571707, rs144848, and rs11571769) in the BRCA2 Gene Associated with Hereditary Breast Cancer in Indigenous Populations of the Brazilian Amazon","Dobbin EAF, Medeiros JAG, Costa MSCR, Rodrigues JCG, Guerreiro JF, Kroll JE, Souza SJ, de Assumpção PP, Ribeiro-Dos-Santos Â, Santos SEBD, Burbano RMR, Fernandes MR, Santos NPCD.","Genes (Basel). 2021 Jan 22;12(2):142. doi: 10.3390/genes12020142.","Dobbin EAF","Genes (Basel)","2021","2021/01/27","PMC7911168","","10.3390/genes12020142"
"36761897","Pre-epidemic evolution of the MRSA USA300 clade and a molecular key for classification","Bianco CM, Moustafa AM, O'Brien K, Martin MA, Read TD, Kreiswirth BN, Planet PJ.","Front Cell Infect Microbiol. 2023 Jan 24;13:1081070. doi: 10.3389/fcimb.2023.1081070. eCollection 2023.","Bianco CM","Front Cell Infect Microbiol","2023","2023/02/10","PMC9902376","","10.3389/fcimb.2023.1081070"
"33566756","A Deep Learning Algorithm for Objective Assessment of Hypernasality in Children With Cleft Palate","Mathad VC, Scherer N, Chapman K, Liss JM, Berisha V.","IEEE Trans Biomed Eng. 2021 Oct;68(10):2986-2996. doi: 10.1109/TBME.2021.3058424. Epub 2021 Sep 20.","Mathad VC","IEEE Trans Biomed Eng","2021","2021/02/10","PMC9023650","NIHMS1741705","10.1109/TBME.2021.3058424"
"21867972","Transcriptome analysis in Concholepas concholepas (Gastropoda, Muricidae): mining and characterization of new genomic and molecular markers","Cárdenas L, Sánchez R, Gomez D, Fuenzalida G, Gallardo-Escárate C, Tanguy A.","Mar Genomics. 2011 Sep;4(3):197-205. doi: 10.1016/j.margen.2011.05.002. Epub 2011 Jun 30.","Cárdenas L","Mar Genomics","2011","2011/08/27","","","10.1016/j.margen.2011.05.002"
"32723745","Retrospective cross-sectional analysis of the changes in marijuana use in the USA, 2005-2018","Mitchell W, Bhatia R, Zebardast N.","BMJ Open. 2020 Jul 28;10(7):e037905. doi: 10.1136/bmjopen-2020-037905.","Mitchell W","BMJ Open","2020","2020/07/30","PMC7389483","","10.1136/bmjopen-2020-037905"
"25966324","Compositional assessments of key maize populations: B73 hybrids of the Nested Association Mapping founder lines and diverse landrace inbred lines","Venkatesh TV, Harrigan GG, Perez T, Flint-Garcia S.","J Agric Food Chem. 2015 Jun 3;63(21):5282-95. doi: 10.1021/acs.jafc.5b00208. Epub 2015 May 22.","Venkatesh TV","J Agric Food Chem","2015","2015/05/13","","","10.1021/acs.jafc.5b00208"
"22141924","amoA-based consensus phylogeny of ammonia-oxidizing archaea and deep sequencing of amoA genes from soils of four different geographic regions","Pester M, Rattei T, Flechl S, Gröngröft A, Richter A, Overmann J, Reinhold-Hurek B, Loy A, Wagner M.","Environ Microbiol. 2012 Feb;14(2):525-39. doi: 10.1111/j.1462-2920.2011.02666.x. Epub 2011 Dec 5.","Pester M","Environ Microbiol","2012","2011/12/07","PMC3328746","","10.1111/j.1462-2920.2011.02666.x"
"32785571","SELAdb: A database of exonic variants in a Brazilian population referred to a quaternary medical center in São Paulo","Lerario AM, Mohan DR, Montenegro LR, Funari MFA, Nishi MY, Narcizo AM, Benedetti AFF, Oba-Shinjo SM, Vitorino AJ, Santos RASXD, Jorge AAL, Onuchic LF, Marie SKN, Mendonca BB.","Clinics (Sao Paulo). 2020;75:e1913. doi: 10.6061/clinics/2020/e1913. Epub 2020 Aug 10.","Lerario AM","Clinics (Sao Paulo)","2020","2020/08/14","PMC7410354","","10.6061/clinics/2020/e1913"
"35737689","What's governance got to do with it? Examining the relationship between governance and deforestation in the Brazilian Amazon","Benzeev R, Wilson B, Butler M, Massoca P, Paudel K, Redmore L, Zarbá L.","PLoS One. 2022 Jun 23;17(6):e0269729. doi: 10.1371/journal.pone.0269729. eCollection 2022.","Benzeev R","PLoS One","2022","2022/06/23","PMC9223320","","10.1371/journal.pone.0269729"
"23218953","A curated public database for multilocus sequence typing (MLST) and analysis of Haemophilus parasuis based on an optimized typing scheme","Mullins MA, Register KB, Brunelle BW, Aragon V, Galofré-Mila N, Bayles DO, Jolley KA.","Vet Microbiol. 2013 Mar 23;162(2-4):899-906. doi: 10.1016/j.vetmic.2012.11.019. Epub 2012 Nov 20.","Mullins MA","Vet Microbiol","2013","2012/12/11","","","10.1016/j.vetmic.2012.11.019"
"33584158","Forecasting the dynamics of cumulative COVID-19 cases (confirmed, recovered and deaths) for top-16 countries using statistical machine learning models: Auto-Regressive Integrated Moving Average (ARIMA) and Seasonal Auto-Regressive Integrated Moving Average (SARIMA)","ArunKumar KE, Kalaga DV, Sai Kumar CM, Chilkoor G, Kawaji M, Brenza TM.","Appl Soft Comput. 2021 May;103:107161. doi: 10.1016/j.asoc.2021.107161. Epub 2021 Feb 8.","ArunKumar KE","Appl Soft Comput","2021","2021/02/15","PMC7869631","","10.1016/j.asoc.2021.107161"
"23302097","16(th) IHIW: global distribution of extended HLA haplotypes","Askar M, Daghstani J, Thomas D, Leahy N, Dunn P, Claas F, Doran S, Saji H, Kanangat S, Karoichane M, Tambur A, Monos D, El-Khalifa M, Turner V, Kamoun M, Mustafa M, Ramon D, Gandhi M, Vernaza A, Gorodezky C, Wagenknecht D, Gautreaux M, Hajeer A, Kashi Z, Fernandez-Vina M.","Int J Immunogenet. 2013 Feb;40(1):31-8. doi: 10.1111/iji.12029.","Askar M","Int J Immunogenet","2013","2013/01/11","","","10.1111/iji.12029"
"20098495","Climate change and risk of leishmaniasis in north america: predictions from ecological niche models of vector and reservoir species","González C, Wang O, Strutz SE, González-Salazar C, Sánchez-Cordero V, Sarkar S.","PLoS Negl Trop Dis. 2010 Jan 19;4(1):e585. doi: 10.1371/journal.pntd.0000585.","González C","PLoS Negl Trop Dis","2010","2010/01/26","PMC2799657","","10.1371/journal.pntd.0000585"
"36533280","An anonymised longitudinal GPS location dataset to understand changes in activity-travel behaviour between pre- and post-COVID periods","Moncayo-Unda MG, Van Droogenbroeck M, Saadi I, Cools M.","Data Brief. 2022 Nov 23;45:108776. doi: 10.1016/j.dib.2022.108776. eCollection 2022 Dec.","Moncayo-Unda MG","Data Brief","2022","2022/12/19","PMC9747621","","10.1016/j.dib.2022.108776"
"23216801","Childhood immunization rates in rural Intibucá, Honduras: an analysis of a local database tool and community health center records for assessing and improving vaccine coverage","He Y, Zarychta A, Ranz JB, Carroll M, Singleton LM, Wilson PM, Schlaudecker EP.","BMC Public Health. 2012 Dec 7;12:1056. doi: 10.1186/1471-2458-12-1056.","He Y","BMC Public Health","2012","2012/12/11","PMC3539969","","10.1186/1471-2458-12-1056"
"33490324","UrbangEnCy: An emergency events dataset based on citizen sensors for monitoring urban scenarios in Ecuador","Parraga-Alava J, Alcivar-Cevallos R, Vaca-Cardenas L, Meza J.","Data Brief. 2020 Dec 24;34:106693. doi: 10.1016/j.dib.2020.106693. eCollection 2021 Feb.","Parraga-Alava J","Data Brief","2020","2021/01/25","PMC7804594","","10.1016/j.dib.2020.106693"
"31914972","Hypertension and diabetes treatment affordability and government expenditures following changes in patient cost sharing in the ""Farmácia popular"" program in Brazil: an interrupted time series study","Emmerick ICM, Campos MR, da Silva RM, Chaves LA, Bertoldi AD, Ross-Degnan D, Luiza VL.","BMC Public Health. 2020 Jan 8;20(1):24. doi: 10.1186/s12889-019-8095-0.","Emmerick ICM","BMC Public Health","2020","2020/01/10","PMC6951004","","10.1186/s12889-019-8095-0"
"28670678","The economic burden of opioid prescription by dentists: A 12-month survey of consumer expenditure in Brazil","Nogueira TE, Lino PA, Martins MAP, Silva MES, Leles CR, Abreu MHNG.","J Public Health Dent. 2017 Sep;77(4):285-289. doi: 10.1111/jphd.12231. Epub 2017 Jul 3.","Nogueira TE","J Public Health Dent","2017","2017/07/04","","","10.1111/jphd.12231"
"33904196","Global digital social learning as a strategy to promote engagement in the era of COVID-19","Davidson PM, Lin CJ, Beaman A, Jackson D, Reynolds NR, Padula WV.","J Clin Nurs. 2021 Aug;30(15-16):2366-2372. doi: 10.1111/jocn.15776. Epub 2021 Apr 26.","Davidson PM","J Clin Nurs","2021","2021/04/27","PMC8242900","","10.1111/jocn.15776"
"30946017","Improved Real-Time Influenza Surveillance: Using Internet Search Data in Eight Latin American Countries","Clemente L, Lu F, Santillana M.","JMIR Public Health Surveill. 2019 Apr 4;5(2):e12214. doi: 10.2196/12214.","Clemente L","JMIR Public Health Surveill","2019","2019/04/05","PMC6470460","","10.2196/12214"
"33163599","A survey dataset to evaluate the changes in mobility and transportation due to COVID-19 travel restrictions in Australia, Brazil, China, Ghana, India, Iran, Italy, Norway, South Africa, United States","Barbieri DM, Lou B, Passavanti M, Hui C, Lessa DA, Maharaj B, Banerjee A, Wang F, Chang K, Naik B, Yu L, Liu Z, Sikka G, Tucker A, Foroutan Mirhosseini A, Naseri S, Qiao Y, Gupta A, Abbas M, Fang K, Ghasemi N, Peprah P, Goswami S, Hessami A, Agarwal N, Lam L, Adomako S.","Data Brief. 2020 Oct 24;33:106459. doi: 10.1016/j.dib.2020.106459. eCollection 2020 Dec.","Barbieri DM","Data Brief","2020","2020/11/09","PMC7607379","","10.1016/j.dib.2020.106459"
"32142098","A genetic variant in microRNA-146a is associated with sporadic breast cancer in a Southern Brazilian Population","Brincas HM, Augusto DG, Mathias C, Cavalli IJ, Lima RS, Kuroda F, Urban CA, Gradia DF, de Oliveira J, de Almeida RC, Ribeiro EMSF.","Genet Mol Biol. 2020 Feb 3;42(4):e20190278. doi: 10.1590/1678-4685-GMB-2019-0278. eCollection 2020.","Brincas HM","Genet Mol Biol","2020","2020/03/07","PMC7198002","","10.1590/1678-4685-GMB-2019-0278"
"20977301","The relatedness of HIV epidemics in the United States-Mexico border region","Mehta SR, Delport W, Brouwer KC, Espitia S, Patterson T, Pond SK, Strathdee SA, Smith DM.","AIDS Res Hum Retroviruses. 2010 Dec;26(12):1273-7. doi: 10.1089/aid.2010.0021. Epub 2010 Oct 26.","Mehta SR","AIDS Res Hum Retroviruses","2010","2010/10/28","PMC3011998","","10.1089/aid.2010.0021"
"15942755","Mapping and characterization of new EST-derived microsatellites for potato (Solanum tuberosum L.)","Feingold S, Lloyd J, Norero N, Bonierbale M, Lorenzen J.","Theor Appl Genet. 2005 Aug;111(3):456-66. doi: 10.1007/s00122-005-2028-2. Epub 2005 Jun 8.","Feingold S","Theor Appl Genet","2005","2005/06/09","","","10.1007/s00122-005-2028-2"
"36677424","Genomic Diversity of the Rarely Observed Genotype of the Mycobacterium tuberculosis Central Asian (CAS) Lineage 3 from North Brazil","Conceição EC, da Conceição ML, Marcon DJ, Loubser J, Andrade GL, Silva SPD, Cruz ACR, Sharma A, Suffys P, Lima KVB.","Microorganisms. 2023 Jan 4;11(1):132. doi: 10.3390/microorganisms11010132.","Conceição EC","Microorganisms","2023","2023/01/21","PMC9862801","","10.3390/microorganisms11010132"
"28727851","Unintentional and self-poisoning mortalities in Mexico, 2000-2012","González-Santiago O, Morales-San Claudio PC, Cantú-Cárdenas LG, Favela-Hernández JMJ.","PLoS One. 2017 Jul 20;12(7):e0181708. doi: 10.1371/journal.pone.0181708. eCollection 2017.","González-Santiago O","PLoS One","2017","2017/07/21","PMC5519209","","10.1371/journal.pone.0181708"
"32970752","Burden of rare deleterious variants in WNT signaling genes among 511 myelomeningocele patients","Hebert L, Hillman P, Baker C, Brown M, Ashley-Koch A, Hixson JE, Morrison AC, Northrup H, Au KS.","PLoS One. 2020 Sep 24;15(9):e0239083. doi: 10.1371/journal.pone.0239083. eCollection 2020.","Hebert L","PLoS One","2020","2020/09/24","PMC7514064","","10.1371/journal.pone.0239083"
"28231335","Immigrants in the one percent: The national origin of top wealth owners","Keister LA, Aronson B.","PLoS One. 2017 Feb 23;12(2):e0172876. doi: 10.1371/journal.pone.0172876. eCollection 2017.","Keister LA","PLoS One","2017","2017/02/24","PMC5322981","","10.1371/journal.pone.0172876"
"33530604","The Three Pillars of Natural Product Dereplication. Alkaloids from the Bulbs of Urceolina peruviana (C. Presl) J.F. Macbr. as a Preliminary Test Case","Lianza M, Leroy R, Machado Rodrigues C, Borie N, Sayagh C, Remy S, Kuhn S, Renault JH, Nuzillard JM.","Molecules. 2021 Jan 26;26(3):637. doi: 10.3390/molecules26030637.","Lianza M","Molecules","2021","2021/02/03","PMC7865595","","10.3390/molecules26030637"
"36765299","Machine learning-based colorectal cancer prediction using global dietary data","Abdul Rahman H, Ottom MA, Dinov ID.","BMC Cancer. 2023 Feb 10;23(1):144. doi: 10.1186/s12885-023-10587-x.","Abdul Rahman H","BMC Cancer","2023","2023/02/11","PMC9921106","","10.1186/s12885-023-10587-x"
"34148261","Impact of the COVID-19 pandemic on coronary artery bypass graft surgery in Brazil: A nationwide perspective","Khalil KH, Sá MPBO, Vervoort D, Roever L, Pires MAA, Lima JMO, de Salles FB, Khalil GM, Nicz PFG, Mejía OAV, Okino AA, Lima RC.","J Card Surg. 2021 Sep;36(9):3289-3293. doi: 10.1111/jocs.15765. Epub 2021 Jun 20.","Khalil KH","J Card Surg","2021","2021/06/20","PMC8447419","","10.1111/jocs.15765"
"21072174","Laboratory mouse models for the human genome-wide associations","Kitsios GD, Tangri N, Castaldi PJ, Ioannidis JP.","PLoS One. 2010 Nov 1;5(11):e13782. doi: 10.1371/journal.pone.0013782.","Kitsios GD","PLoS One","2010","2010/11/13","PMC2967475","","10.1371/journal.pone.0013782"
"21986709","Body mass index and mortality rate among Hispanic adults: a pooled analysis of multiple epidemiologic data sets","Fontaine KR, McCubrey R, Mehta T, Pajewski NM, Keith SW, Bangalore SS, Crespo CJ, Allison DB.","Int J Obes (Lond). 2012 Aug;36(8):1121-6. doi: 10.1038/ijo.2011.194. Epub 2011 Oct 11.","Fontaine KR","Int J Obes (Lond)","2012","2011/10/12","PMC3271144","NIHMS330414","10.1038/ijo.2011.194"
"34105332","Data transparency for building a stronger healthcare system: A case study from Argentinean administrative drug utilization data sources","Cañás M, Marín GH, Urtasun MA, Leal LF, Salas M, Elseviers M, Lopes LC.","Salud Colect. 2021 May 27;17:e3339. doi: 10.18294/sc.2021.3339.","Cañás M","Salud Colect","2021","2021/06/09","","","10.18294/sc.2021.3339"
"36187218","Epidemiological analysis of lower limb revascularization for peripheral arterial disease over 12 years on the public healthcare system in Brazil","Wolosker N, da Silva MFA, Portugal MFC, Stabellini N, Zerati AE, Szlejf C, Amaro E, Teivelis MP.","J Vasc Bras. 2022 Sep 2;21:e20210215. doi: 10.1590/1677-5449.202102152. eCollection 2022.","Wolosker N","J Vasc Bras","2022","2022/10/03","PMC9477476","","10.1590/1677-5449.202102152"
"23665000","Moving from unsequenced to sequenced genome: reanalysis of the proteome of Leishmania donovani","Nirujogi RS, Pawar H, Renuse S, Kumar P, Chavan S, Sathe G, Sharma J, Khobragade S, Pande J, Modak B, Prasad TS, Harsha HC, Patole MS, Pandey A.","J Proteomics. 2014 Jan 31;97:48-61. doi: 10.1016/j.jprot.2013.04.021. Epub 2013 May 9.","Nirujogi RS","J Proteomics","2014","2013/05/14","PMC4710096","NIHMS737144","10.1016/j.jprot.2013.04.021"
"25660166","Increased prediction accuracy in wheat breeding trials using a marker × environment interaction genomic selection model","Lopez-Cruz M, Crossa J, Bonnett D, Dreisigacker S, Poland J, Jannink JL, Singh RP, Autrique E, de los Campos G.","G3 (Bethesda). 2015 Feb 6;5(4):569-82. doi: 10.1534/g3.114.016097.","Lopez-Cruz M","G3 (Bethesda)","2015","2015/02/10","PMC4390573","","10.1534/g3.114.016097"
"18371241","An integrated pipeline for the development of novel panels of mapped microsatellite markers for Leishmania donovani complex, Leishmania braziliensis and Leishmania major","Fakhar M, Motazedian MH, Daly D, Lowe CD, Kemp SJ, Noyes HA.","Parasitology. 2008 Apr;135(5):567-74. doi: 10.1017/S0031182008004186. Epub 2008 Mar 27.","Fakhar M","Parasitology","2008","2008/03/29","","","10.1017/S0031182008004186"
"35516910","Temporal trends in vena cava filter implantation in public health system inpatients: an 11-year analysis of the largest city in Brazil","Leiderman DBD, Fiorelli M, Teivelis MP, Stabellini N, Amaro E, Wolosker N.","J Vasc Bras. 2022 Apr 5;21:e20210186. doi: 10.1590/1677-5449.20210186. eCollection 2022.","Leiderman DBD","J Vasc Bras","2022","2022/05/06","PMC9038042","","10.1590/1677-5449.20210186"
"31844413","Accelerating the knowledge of Peruvian Chalcididae (Insecta, Hymenoptera, Chalcidoidea) with integrative taxonomy","Cancian de Araujo B, Tavares MT, Brotto TRA, Silva-Freitas JM, Santos MEV, Saguiah PM, Schmidt S.","Biodivers Data J. 2019 Dec 4;7:e35907. doi: 10.3897/BDJ.7.e35907. eCollection 2019.","Cancian de Araujo B","Biodivers Data J","2019","2019/12/18","PMC6906169","","10.3897/BDJ.7.e35907"
"36846466","Impact of the COVID-19 pandemic on the breast cancer early diagnosis program in Brazil","Antonini M, Pinheiro DJPDC, Matos ABTMB, Ferraro O, Mattar A, Okumura LM, Lopes RGC, Real JM.","Prev Med Rep. 2023 Apr;32:102157. doi: 10.1016/j.pmedr.2023.102157. Epub 2023 Feb 20.","Antonini M","Prev Med Rep","2023","2023/02/27","PMC9940478","","10.1016/j.pmedr.2023.102157"
"31667268","Dataset on solar contributions by thermal solar systems in Chile applying Chilean and Spanish regulations","López-Ochoa LM, Verichev K, Las-Heras-Casas J, Carpio M.","Data Brief. 2019 Sep 16;26:104505. doi: 10.1016/j.dib.2019.104505. eCollection 2019 Oct.","López-Ochoa LM","Data Brief","2019","2019/11/01","PMC6811927","","10.1016/j.dib.2019.104505"
"32960507","Identification of novel candidate risk genes for myelomeningocele within the glucose homeostasis/oxidative stress and folate/one-carbon metabolism networks","Hillman P, Baker C, Hebert L, Brown M, Hixson J, Ashley-Koch A, Morrison AC, Northrup H, Au KS.","Mol Genet Genomic Med. 2020 Nov;8(11):e1495. doi: 10.1002/mgg3.1495. Epub 2020 Sep 22.","Hillman P","Mol Genet Genomic Med","2020","2020/09/22","PMC7667334","","10.1002/mgg3.1495"
"33370342","DNA barcoding in the Southeast Pacific marine realm: Low coverage and geographic representation despite high diversity","Ramirez JL, Rosas-Puchuri U, Cañedo RM, Alfaro-Shigueto J, Ayon P, Zelada-Mázmela E, Siccha-Ramirez R, Velez-Zuazo X.","PLoS One. 2020 Dec 28;15(12):e0244323. doi: 10.1371/journal.pone.0244323. eCollection 2020.","Ramirez JL","PLoS One","2020","2020/12/28","PMC7769448","","10.1371/journal.pone.0244323"
"20979976","A comprehensive cooperative project for children with renal diseases in Nicaragua","Edefonti A, Marra G, Castellón Perez M, Sandoval Díaz M, Sereni F; Nicaraguan Network of Pediatric Nephrology (NINEPEN).","Clin Nephrol. 2010 Nov;74 Suppl 1:S119-25.","Edefonti A","Clin Nephrol","2010","2010/10/29","","",""
"32382145","Evaluation of an AI system for the detection of diabetic retinopathy from images captured with a handheld portable fundus camera: the MAILOR AI study","Rogers TW, Gonzalez-Bueno J, Garcia Franco R, Lopez Star E, Méndez Marín D, Vassallo J, Lansingh VC, Trikha S, Jaccard N.","Eye (Lond). 2021 Feb;35(2):632-638. doi: 10.1038/s41433-020-0927-8. Epub 2020 May 7.","Rogers TW","Eye (Lond)","2021","2020/05/09","PMC8026959","","10.1038/s41433-020-0927-8"
"28859096","Disclosing 3' UTR cis-elements and putative partners involved in gene expression regulation in Leishmania spp","Terrão MC, Rosas de Vasconcelos EJ, Defina TA, Myler PJ, Cruz AK.","PLoS One. 2017 Aug 31;12(8):e0183401. doi: 10.1371/journal.pone.0183401. eCollection 2017.","Terrão MC","PLoS One","2017","2017/09/01","PMC5578504","","10.1371/journal.pone.0183401"
"24252103","Cheminformatic models based on machine learning for pyruvate kinase inhibitors of Leishmania mexicana","Jamal S, Scaria V.","BMC Bioinformatics. 2013 Nov 19;14:329. doi: 10.1186/1471-2105-14-329.","Jamal S","BMC Bioinformatics","2013","2013/11/21","PMC4225525","","10.1186/1471-2105-14-329"
"36410015","First Report of Mulberry Rust Caused by Cerotelium fici on Morus nigra in Brazil","Gonçalves MP, Simões ALT, Boufleur TR, Santos RFD, Baroncelli R, Amorim L.","Plant Dis. 2022 Nov 21. doi: 10.1094/PDIS-11-22-2656-PDN. Online ahead of print.","Gonçalves MP","Plant Dis","2022","2022/11/21","","","10.1094/PDIS-11-22-2656-PDN"
"29964090","Killer cell immunoglobulin-like receptor genotypes in a Chilean population from Talca","Castro-Santos P, Verdugo RA, Díaz-Peña R.","Hum Immunol. 2018 Sep;79(9):651-652. doi: 10.1016/j.humimm.2018.06.007. Epub 2018 Jun 28.","Castro-Santos P","Hum Immunol","2018","2018/07/03","","","10.1016/j.humimm.2018.06.007"
"31095749","In silico analysis revealed Zika virus miRNAs associated with viral pathogenesis through alteration of host genes involved in immune response and neurological functions","Islam MS, Khan MA, Murad MW, Karim M, Islam ABMMK.","J Med Virol. 2019 Sep;91(9):1584-1594. doi: 10.1002/jmv.25505. Epub 2019 Jun 6.","Islam MS","J Med Virol","2019","2019/05/17","","","10.1002/jmv.25505"
"31695883","Functional richness shows spatial scale dependency in Pheidole ant assemblages from Neotropical savannas","Neves K, Moura MR, Maravalhas J, Pacheco R, Pie MR, Schultz TR, Vasconcelos HL.","Ecol Evol. 2019 Sep 27;9(20):11734-11741. doi: 10.1002/ece3.5672. eCollection 2019 Oct.","Neves K","Ecol Evol","2019","2019/11/08","PMC6822040","","10.1002/ece3.5672"
"24899851","Birds of Antioquia: Georeferenced database of specimens from the Colección de Ciencias Naturales del Museo Universitario de la Universidad de Antioquia (MUA)","Rozo AM, Valencia F, Acosta A, Parra JL.","Zookeys. 2014 May 21;(410):95-103. doi: 10.3897/zookeys.410.7109. eCollection 2014.","Rozo AM","Zookeys","2014","2014/06/06","PMC4042709","","10.3897/zookeys.410.7109"
"34527146","[Nailing of long bone fractures in precarious situations: focus on the Surgical Implant Generation Network (SIGN) nail]","Girard P, Zihindula MC, Delinois D, Kolontchang L, Zirkle L, Djebara AE, Mathieu L.","Pan Afr Med J. 2021 Jun 15;39:130. doi: 10.11604/pamj.2021.39.130.24190. eCollection 2021.","Girard P","Pan Afr Med J","2021","2021/09/16","PMC8418173","","10.11604/pamj.2021.39.130.24190"
"35240567","High-resolution planet satellite imagery and multi-temporal surveys to predict risk of tree mortality in tropical eucalypt forestry","Pascual A, Tupinambá-Simões F, Guerra-Hernández J, Bravo F.","J Environ Manage. 2022 May 15;310:114804. doi: 10.1016/j.jenvman.2022.114804. Epub 2022 Feb 28.","Pascual A","J Environ Manage","2022","2022/03/03","","","10.1016/j.jenvman.2022.114804"
"28877865","Developing a Web-Based Geolocated Directory of HIV Pre-Exposure Prophylaxis-Providing Clinics: The PrEP Locator Protocol and Operating Procedures","Siegler AJ, Wirtz S, Weber S, Sullivan PS.","JMIR Public Health Surveill. 2017 Sep 6;3(3):e58. doi: 10.2196/publichealth.7902.","Siegler AJ","JMIR Public Health Surveill","2017","2017/09/08","PMC5607436","","10.2196/publichealth.7902"
"31619939","Geographic review on the specimens of the Caatinga Biome in the Jardim Botânico do Rio de Janeiro (RB) herbarium","Magdalena UR, da Silva LAE, Oliveira FA, Lima RO, Bellon E, Ribeiro R, Lanna JM, Abieri ML, Cardoso GO, de Amorim AVA, Forzza RC.","Biodivers Data J. 2019 Oct 3;7:e38248. doi: 10.3897/BDJ.7.e38248. eCollection 2019.","Magdalena UR","Biodivers Data J","2019","2019/10/18","PMC6787104","","10.3897/BDJ.7.e38248"
"17407592","CAMbase--a XML-based bibliographical database on Complementary and Alternative Medicine (CAM)","Ostermann T, Zillmann H, Raak CK, Buessing A, Matthiessen PF.","Biomed Digit Libr. 2007 Apr 3;4:2. doi: 10.1186/1742-5581-4-2.","Ostermann T","Biomed Digit Libr","2007","2007/04/05","PMC1853104","","10.1186/1742-5581-4-2"
"14728133","A web application to support telemedicine services in Brazil","Barbosa AK, de A Novaes M, de Vasconcelos A.","AMIA Annu Symp Proc. 2003;2003:56-60.","Barbosa AK","AMIA Annu Symp Proc","2003","2004/01/20","PMC1480125","",""
"30404945","Streptococcus pneumoniae Serotype 3 in Mexico (1994 to 2017): Decrease of the Unusual Clonal Complex 4909 Lineage following PCV13 Introduction","Echániz-Aviles G, Guerreiro SI, Silva-Costa C, Mendes CI, Carriço JA, Carnalla-Barajas MN, Soto-Noguerón A, Velazquez-Meza ME, Melo-Cristino J, Luévanos-Velazquez A, Martínez-Medina L, Vázquez-Larios MDR, Ramirez M.","J Clin Microbiol. 2019 Jan 2;57(1):e01354-18. doi: 10.1128/JCM.01354-18. Print 2019 Jan.","Echániz-Aviles G","J Clin Microbiol","2019","2018/11/09","PMC6322463","","10.1128/JCM.01354-18"
"15147393","Characterization of open reading frame-expressed sequence tags generated from Bos indicus and B. taurus mammary gland cDNA libraries","da Mota AF, Sonstegard TS, Van Tassell CP, Shade LL, Matukumalli LK, Wood DL, Capuco AV, Brito MA, Connor EE, Martinez ML, Coutinho LL.","Anim Genet. 2004 Jun;35(3):213-9. doi: 10.1111/j.1365-2052.2004.01139.x.","da Mota AF","Anim Genet","2004","2004/05/19","","","10.1111/j.1365-2052.2004.01139.x"
